"481","Nurul Hasan","Bangladesh","http://www.espncricinfo.com//inline/content/image/983051.html","Allrounder","5"
"480","Nazmul Islam","Bangladesh","http://www.espncricinfo.com//inline/content/image/687943.html?alt=1","Bowler","5"
"479","Najmul Hossain Shanto","Bangladesh","http://www.espncricinfo.com//inline/content/image/1163943.html?alt=1","Batsman","6"
"477","Mustafizur Rahman","Bangladesh","http://www.espncricinfo.com//inline/content/image/1099647.html","Bowler","8.5"
"478","Nayeem Hasan","Bangladesh","http://www.espncricinfo.com//inline/content/image/1125504.html?alt=1","Bowler","5"
"476","Mushfiqur Rahim","Bangladesh","http://www.espncricinfo.com//inline/content/image/1099654.html","Wicketkeeper","9"
"475","Mosaddek Hossain","Bangladesh","http://www.espncricinfo.com//inline/content/image/1099682.html?alt=1","Batsman","6"
"474","Mominul Haque","Bangladesh","http://www.espncricinfo.com//inline/content/image/726819.html?alt=1","Batsman","6"
"473","Mohammad Saifuddin","Bangladesh","http://www.espncricinfo.com//inline/content/image/1126270.html?alt=1","Allrounder","5"
"472","Mohammad Mithun","Bangladesh","http://www.espncricinfo.com//inline/content/image/983055.html","Batsman","6"
"471","Mehedi Hasan","Bangladesh","http://www.espncricinfo.com//inline/content/image/1099684.html","Allrounder","7"
"470","Mashrafe Mortaza","Bangladesh","http://www.espncricinfo.com//inline/content/image/1099644.html","Bowler","6"
"469","Mahmudullah","Bangladesh","http://www.espncricinfo.com//inline/content/image/1099653.html","Allrounder","5"
"467","Imrul Kayes","Bangladesh","http://www.espncricinfo.com//inline/content/image/1099670.html","Batsman","7"
"468","Liton Das","Bangladesh","http://www.espncricinfo.com//inline/content/image/721401.html?alt=1","Wicketkeeper","7"
"466","Fazle Mahmud","Bangladesh","http://www.espncricinfo.com//inline/content/image/1162352.html?alt=1","Allrounder","5"
"465","Ariful Haque","Bangladesh","http://www.espncricinfo.com//inline/content/image/933598.html?alt=1","Allrounder","5"
"464","Anamul Haque","Bangladesh","http://www.espncricinfo.com//inline/content/image/726817.html?alt=1","Wicketkeeper","6"
"463","Abu Jayed","Bangladesh","http://www.espncricinfo.com//inline/content/image/687953.html?alt=1","Bowler","5"
"462","Abu Hider","Bangladesh","http://www.espncricinfo.com//inline/content/image/721381.html?alt=1","Bowler","5"
"460","David Warner","Australia","http://www.espncricinfo.com//inline/content/image/1099532.html?alt=1","Batsman","10"
"461","Adam Zampa","Australia","http://www.espncricinfo.com//inline/content/image/1099536.html?alt=1","Bowler","6"
"459","Ashton Turner","Australia","http://www.espncricinfo.com//inline/content/image/575815.html?alt=1","Batsman","6"
"458","Marcus Stoinis","Australia","http://www.espncricinfo.com//inline/content/image/1099515.html?alt=1","Batsman","7"
"457","Mitchell Starc","Australia","http://www.espncricinfo.com//inline/content/image/1099513.html?alt=1","Bowler","9"
"456","Billy Stanlake","Australia","http://www.espncricinfo.com//inline/content/image/721195.html?alt=1","Bowler","5"
"455","Steve Smith","Australia","http://www.espncricinfo.com//inline/content/image/1099508.html?alt=1","Batsman","9"
"454","Peter Siddle","Australia","http://www.espncricinfo.com//inline/content/image/817159.html?alt=1","Bowler","5"
"453","D'Arcy Short","Australia","http://www.espncricinfo.com//inline/content/image/1133220.html?alt=1","Batsman","6"
"452","Kane Richardson","Australia","http://www.espncricinfo.com//inline/content/image/1186414.html","Bowler","6"
"451","Jhye Richardson","Australia","http://www.espncricinfo.com//inline/content/image/902259.html?alt=1","Bowler","6"
"450","Kurtis Patterson","Australia","http://www.espncricinfo.com//inline/content/image/575813.html?alt=1","Batsman","6"
"449","Timothy Paine","Australia","http://www.espncricinfo.com//inline/content/image/501167.html?alt=1","Wicketkeeper","6"
"448","Glenn Maxwell","Australia","http://www.espncricinfo.com//inline/content/image/1099529.html?alt=1","Allrounder","7"
"447","Shaun Marsh","Australia","http://www.espncricinfo.com//inline/content/image/1186413.html","Batsman","7"
"446","Mitchell Marsh","Australia","http://www.espncricinfo.com//inline/content/image/1030003.html","Allrounder","5"
"445","Nathan Lyon","Australia","http://www.espncricinfo.com//inline/content/image/1186412.html","Bowler","6"
"444","Christopher Lynn","Australia","http://www.espncricinfo.com//inline/content/image/1099534.html?alt=1","Batsman","6"
"443","Marnus Labuschagne","Australia","http://www.espncricinfo.com//inline/content/image/1162108.html?alt=1","Allrounder","5"
"442","Usman Khawaja","Australia","http://www.espncricinfo.com//inline/content/image/1186411.html","Batsman","9.5"
"441","Travis Head","Australia","http://www.espncricinfo.com//inline/content/image/1099504.html?alt=1","Batsman","7"
"440","Josh Hazlewood","Australia","http://www.espncricinfo.com//inline/content/image/1099517.html?alt=1","Bowler","8"
"439","Marcus Harris","Australia","http://www.espncricinfo.com//inline/content/image/1167918.html","Batsman","6"
"438","Peter Handscomb","Australia","http://www.espncricinfo.com//inline/content/image/767345.html?alt=1","Batsman","7"
"437","Aaron Finch","Australia","http://www.espncricinfo.com//inline/content/image/1099503.html?alt=1","Batsman","9.5"
"436","Pat Cummins","Australia","http://www.espncricinfo.com//inline/content/image/1099509.html?alt=1","Bowler","9.5"
"435","Nathan Coulter-Nile","Australia","http://www.espncricinfo.com//inline/content/image/1186410.html","Bowler","6"
"434","Alex Carey","Australia","http://www.espncricinfo.com//inline/content/image/1186409.html","Wicketkeeper","8"
"433","Joseph Burns","Australia","http://www.espncricinfo.com//inline/content/image/623967.html","Batsman","6"
"432","Jason Behrendorff","Australia","http://www.espncricinfo.com//inline/content/image/1186408.html","Bowler","6"
"431","Zahir Khan","Afghanistan","http://www.espncricinfo.com//inline/content/image/1176003.html?alt=1","Bowler","5"
"430","Yamin Ahmadzai","Afghanistan","http://www.espncricinfo.com//inline/content/image/575808.html?alt=1","Bowler","5"
"429","Wafadar Momand","Afghanistan","http://www.espncricinfo.com//inline/content/image/1150270.html?alt=1","Bowler","5"
"428","Usman Ghani","Afghanistan","http://www.espncricinfo.com//inline/content/image/720003.html?alt=1","Batsman","6"
"427","Sharafuddin Ashraf","Afghanistan","http://www.espncricinfo.com//inline/content/image/1117549.html?alt=1","Allrounder","5"
"426","Shapoor Zadran","Afghanistan","http://www.espncricinfo.com//inline/content/image/583385.html?alt=1","Bowler","5"
"425","Shafiqullah","Afghanistan","http://www.espncricinfo.com//inline/content/image/583388.html?alt=1","Wicketkeeper","6"
"424","Sayed Shirzad","Afghanistan","http://www.espncricinfo.com//inline/content/image/719999.html?alt=1","Bowler","5"
"423","Samiullah Shinwari","Afghanistan","http://www.espncricinfo.com//inline/content/image/1186397.html","Allrounder","5"
"422","Rashid Khan","Afghanistan","http://www.espncricinfo.com//inline/content/image/1184480.html?alt=1","Bowler","9"
"421","Rahmat Shah","Afghanistan","http://www.espncricinfo.com//inline/content/image/1186399.html","Allrounder","5"
"420","Noor Ali Zadran","Afghanistan","http://www.espncricinfo.com//inline/content/image/979089.html?alt=1","Batsman","6"
"419","Najibullah Zadran","Afghanistan","http://www.espncricinfo.com//inline/content/image/979087.html?alt=1","Batsman","7"
"418","Najeeb Tarakai","Afghanistan","http://www.espncricinfo.com//inline/content/image/726969.html","Batsman","6"
"417","Mujeeb Ur Rahman","Afghanistan","http://www.espncricinfo.com//inline/content/image/1186400.html","Bowler","5"
"416","Mohammad Shahzad","Afghanistan","http://www.espncricinfo.com//inline/content/image/1186394.html","Wicketkeeper","7"
"415","Mohammad Nabi","Afghanistan","http://www.espncricinfo.com//inline/content/image/1186395.html","Allrounder","9.5"
"414","Javed Ahmadi","Afghanistan","http://www.espncricinfo.com//inline/content/image/583382.html?alt=1","Batsman","6"
"413","Ikram Alikhil","Afghanistan","http://www.espncricinfo.com//inline/content/image/1131905.html?alt=1","Wicketkeeper","6"
"404","Aftab Alam","Afghanistan","http://www.espncricinfo.com//inline/content/image/745105.html?alt=1","Bowler","6"
"405","Asghar Afghan","Afghanistan","http://www.espncricinfo.com//inline/content/image/1186398.html","Batsman","7"
"406","Dawlat Zadran","Afghanistan","http://www.espncricinfo.com//inline/content/image/1186401.html","Bowler","6"
"407","Fareed Ahmad","Afghanistan","http://www.espncricinfo.com//inline/content/image/720033.html?alt=1","Bowler","5"
"408","Gulbadin Naib","Afghanistan","http://www.espncricinfo.com//inline/content/image/1186402.html","Bowler","6"
"409","Hamid Hassan","Afghanistan","http://www.espncricinfo.com//inline/content/image/979091.html?alt=1","Bowler","6"
"410","Hashmatullah Shahidi","Afghanistan","http://www.espncricinfo.com//inline/content/image/1186396.html","Batsman","7"
"411","Hazratullah Zazai","Afghanistan","http://www.espncricinfo.com//inline/content/image/1185621.html?alt=1","Batsman","6"
"412","Ihsanullah","Afghanistan","http://www.espncricinfo.com//inline/content/image/720011.html?alt=1","Batsman","6"
"576","Peter Borren","Netherlands","http://www.espncricinfo.com//inline/content/image/726877.html?alt=1","Allrounder","5"
"575","Wesley Barresi","Netherlands","http://www.espncricinfo.com//inline/content/image/726879.html?alt=1","Wicketkeeper","6"
"574","Malik Jamil","Netherlands","http://www.espncricinfo.com//inline/content/image/550013.html?alt=1","Bowler","5"
"573","Rahil Ahmed","Netherlands","http://www.espncricinfo.com//inline/content/image/897443.html?alt=1","Wicketkeeper","6"
"572","Craig Young","Ireland","http://www.espncricinfo.com//inline/content/image/728839.html?alt=1","Bowler","5"
"571","Gary Wilson","Ireland","http://www.espncricinfo.com//inline/content/image/736989.html?alt=1","Wicketkeeper","6"
"570","Lorcan Tucker","Ireland","http://www.espncricinfo.com//inline/content/image/1176653.html?alt=1","Wicketkeeper","6"
"569","Stuart Thompson","Ireland","http://www.espncricinfo.com//inline/content/image/583411.html?alt=1","Bowler","5"
"568","Greg Thompson","Ireland","http://www.espncricinfo.com//inline/content/image/1077447.html?alt=1","Bowler","5"
"567","Paul Stirling","Ireland","http://www.espncricinfo.com//inline/content/image/862319.html?alt=1","Allrounder","7"
"566","Simi Singh","Ireland","http://www.espncricinfo.com//inline/content/image/1176652.html?alt=1","Batsman","6"
"565","James Shannon","Ireland","http://www.espncricinfo.com//inline/content/image/443654.html?alt=1","Batsman","6"
"564","Boyd Rankin","Ireland","http://www.espncricinfo.com//inline/content/image/818147.html?alt=1","Bowler","6"
"563","David Rankin","Ireland","http://www.espncricinfo.com//inline/content/image/888253.html?alt=1","Batsman","6"
"562","Stuart Poynter","Ireland","http://www.espncricinfo.com//inline/content/image/979075.html?alt=1","Wicketkeeper","6"
"561","William Porterfield","Ireland","http://www.espncricinfo.com//inline/content/image/726979.html","Batsman","7"
"560","Niall O'Brien","Ireland","http://www.espncricinfo.com//inline/content/image/979069.html?alt=1","Wicketkeeper","6"
"559","Kevin O'Brien","Ireland","http://www.espncricinfo.com//inline/content/image/979067.html?alt=1","Allrounder","7"
"558","Tim Murtagh","Ireland","http://www.espncricinfo.com//inline/content/image/726983.html","Bowler","8.5"
"557","Jacob Mulder","Ireland","http://www.espncricinfo.com//inline/content/image/1077448.html?alt=1","Bowler","5"
"556","Barry McCarthy","Ireland","http://www.espncricinfo.com//inline/content/image/575837.html?alt=1","Bowler","6"
"555","Andy McBrine","Ireland","http://www.espncricinfo.com//inline/content/image/726985.html","Bowler","7"
"554","Joshua Little","Ireland","http://www.espncricinfo.com//inline/content/image/1077449.html?alt=1","Allrounder","5"
"553","Tyrone Kane","Ireland","http://www.espncricinfo.com//inline/content/image/575832.html?alt=1","Bowler","5"
"552","Edmund Joyce","Ireland","http://www.espncricinfo.com//inline/content/image/726987.html","Batsman","6"
"551","George Dockrell","Ireland","http://www.espncricinfo.com//inline/content/image/575842.html?alt=1","Bowler","6"
"550","Peter Chase","Ireland","http://www.espncricinfo.com//inline/content/image/575828.html?alt=1","Bowler","5"
"549","Andrew Balbirnie","Ireland","http://www.espncricinfo.com//inline/content/image/733223.html?alt=1","Batsman","7"
"548","John Anderson","Ireland","http://www.espncricinfo.com//inline/content/image/773049.html?alt=1","Batsman","6"
"547","Mark Adair","Ireland","http://www.espncricinfo.com//inline/content/image/895741.html?alt=1","Allrounder","5"
"546","Umesh Yadav","India","http://www.espncricinfo.com//inline/content/image/1099914.html?alt=1","Bowler","6"
"545","Murali Vijay","India","http://www.espncricinfo.com//inline/content/image/817497.html?alt=1","Batsman","6"
"544","Gade Vihari","India","http://www.espncricinfo.com//inline/content/image/1178919.html?alt=1","Batsman","6"
"543","Shubman Gill","India","http://www.espncricinfo.com//inline/content/image/1132208.html","Batsman","6"
"542","Rohit Sharma","India","http://www.espncricinfo.com//inline/content/image/923955.html","Batsman","10.5"
"541","Ishant Sharma","India","http://www.espncricinfo.com//inline/content/image/817495.html?alt=1","Bowler","5"
"540","Vijay Shankar","India","http://www.espncricinfo.com//inline/content/image/1185497.html?alt=1","Allrounder","5"
"539","Ambati Rayudu","India","http://www.espncricinfo.com//inline/content/image/828565.html?alt=1","Batsman","7"
"538","Lokesh Rahul","India","http://www.espncricinfo.com//inline/content/image/1183832.html?alt=1","Batsman","7"
"537","Ajinkya Rahane","India","http://www.espncricinfo.com//inline/content/image/1099907.html?alt=1","Batsman","6"
"536","Cheteshwar Pujara","India","http://www.espncricinfo.com//inline/content/image/1056129.html","Batsman","6"
"535","Rishabh Pant","India","http://www.espncricinfo.com//inline/content/image/967945.html?alt=5","Wicketkeeper","6"
"534","Krunal Pandya","India","http://www.espncricinfo.com//inline/content/image/1001015.html?alt=5","Allrounder","5"
"533","Hardik Pandya","India","http://www.espncricinfo.com//inline/content/image/1099921.html?alt=1","Allrounder","9"
"532","Mohammed Siraj","India","http://www.espncricinfo.com//inline/content/image/1080507.html","Bowler","5"
"531","Mohammad Shami","India","http://www.espncricinfo.com//inline/content/image/1099933.html?alt=1","Bowler","8"
"530","Bhuvneshwar Kumar","India","http://www.espncricinfo.com//inline/content/image/1183836.html?alt=1","Bowler","8"
"529","Kuldeep Yadav","India","http://www.espncricinfo.com//inline/content/image/721215.html?alt=1","Bowler","8.5"
"528","Virat Kohli","India","http://www.espncricinfo.com//inline/content/image/1183835.html?alt=1","Batsman","11"
"527","Siddarth Kaul","India","http://www.espncricinfo.com//inline/content/image/336295.html?alt=1","Bowler","5"
"526","Krishnakumar Karthik","India","http://www.espncricinfo.com//inline/content/image/1099909.html?alt=1","Wicketkeeper","6"
"525","Kedar Jadhav","India","http://www.espncricinfo.com//inline/content/image/1099931.html?alt=1","Allrounder","7"
"524","Ravindra Jadeja","India","http://www.espncricinfo.com//inline/content/image/1099918.html?alt=21","Allrounder","7"
"523","MS Dhoni","India","http://www.espncricinfo.com//inline/content/image/1099927.html?alt=20","Wicketkeeper","9"
"522","Shikhar Dhawan","India","http://www.espncricinfo.com//inline/content/image/1099915.html?alt=20","Batsman","9"
"521","Yuzvendra Chahal","India","http://www.espncricinfo.com//inline/content/image/1183830.html?alt=1","Bowler","8"
"520","Jasprit Bumrah","India","http://www.espncricinfo.com//inline/content/image/1099926.html?alt=1","Bowler","10"
"519","Mayank Agarwal","India","http://www.espncricinfo.com//inline/content/image/443891.html?alt=1","Batsman","6"
"518","Mark Wood","England","http://www.espncricinfo.com//inline/content/image/879521.html?alt=1","Bowler","8"
"517","Chris Woakes","England","http://www.espncricinfo.com//inline/content/image/818165.html?alt=1","Allrounder","9"
"516","David Willey","England","http://www.espncricinfo.com//inline/content/image/885519.html?alt=1","Allrounder","5"
"515","James Vince","England","http://www.espncricinfo.com//inline/content/image/1015843.html","Batsman","6"
"514","Oliver Stone","England","http://www.espncricinfo.com//inline/content/image/630321.html?alt=1","Bowler","5"
"513","Ben Stokes","England","http://www.espncricinfo.com//inline/content/image/879529.html?alt=1","Allrounder","9.5"
"512","Jason Roy","England","http://www.espncricinfo.com//inline/content/image/885525.html?alt=1","Batsman","10"
"511","Joe Root","England","http://www.espncricinfo.com//inline/content/image/879527.html?alt=1","Batsman","10"
"510","Adil Rashid","England","http://www.espncricinfo.com//inline/content/image/1185618.html?alt=1","Bowler","8"
"509","Liam Plunkett","England","http://www.espncricinfo.com//inline/content/image/751935.html?alt=1","Bowler","8"
"508","Eoin Morgan","England","http://www.espncricinfo.com//inline/content/image/1185166.html?alt=1","Batsman","9"
"507","Dawid Malan","England","http://www.espncricinfo.com//inline/content/image/564348.html?alt=1","Batsman","6"
"506","Matthew Leach","England","http://www.espncricinfo.com//inline/content/image/1156395.html?alt=1","Bowler","5"
"505","Christopher Jordan","England","http://www.espncricinfo.com//inline/content/image/751927.html?alt=1","Bowler","5"
"504","Keaton Jennings","England","http://www.espncricinfo.com//inline/content/image/1174371.html?alt=1","Batsman","6"
"503","Alex Hales","England","http://www.espncricinfo.com//inline/content/image/1015873.html","Batsman","7"
"502","Benjamin Foakes","England","http://www.espncricinfo.com//inline/content/image/630110.html?alt=1","Wicketkeeper","6"
"501","Ben Duckett","England","http://www.espncricinfo.com//inline/content/image/719759.html?alt=1","Batsman","6"
"500","Joseph Denly","England","http://www.espncricinfo.com//inline/content/image/564341.html?alt=1","Batsman","6"
"499","Liam Dawson","England","http://www.espncricinfo.com//inline/content/image/979981.html","Allrounder","5"
"498","Tom Curran","England","http://www.espncricinfo.com//inline/content/image/1185615.html?alt=1","Allrounder","5"
"497","Samuel Curran","England","http://www.espncricinfo.com//inline/content/image/1157905.html?alt=1","Allrounder","5"
"482","Rubel Hossain","Bangladesh","http://www.espncricinfo.com//inline/content/image/1099667.html","Bowler","6"
"483","Sabbir Rahman","Bangladesh","http://www.espncricinfo.com//inline/content/image/1099650.html?alt=1","Batsman","7"
"484","Shakib Al Hasan","Bangladesh","http://www.espncricinfo.com//inline/content/image/1099656.html","Allrounder","10"
"485","Soumya Sarkar","Bangladesh","http://www.espncricinfo.com//inline/content/image/1099642.html","Batsman","8"
"486","Khaled Ahmed","Bangladesh","http://www.espncricinfo.com//inline/content/image/1152899.html?alt=1","Bowler","5"
"487","Taijul Islam","Bangladesh","http://www.espncricinfo.com//inline/content/image/828549.html?alt=1","Bowler","5"
"488","Tamim Iqbal","Bangladesh","http://www.espncricinfo.com//inline/content/image/1099678.html","Batsman","9"
"489","Moeen Ali","England","http://www.espncricinfo.com//inline/content/image/1185617.html?alt=1","Allrounder","7"
"490","James Anderson","England","http://www.espncricinfo.com//inline/content/image/1015875.html","Bowler","5"
"491","Jofra Archer","England","http://www.espncricinfo.com//inline/content/image/1185613.html?alt=1","Allrounder","5"
"492","Jonny Bairstow","England","http://www.espncricinfo.com//inline/content/image/1185614.html?alt=1","Batsman","9.5"
"493","Samuel Billings","England","http://www.espncricinfo.com//inline/content/image/885517.html?alt=1","Wicketkeeper","6"
"494","Stuart Broad","England","http://www.espncricinfo.com//inline/content/image/818153.html?alt=1","Bowler","5"
"495","Rory Burns","England","http://www.espncricinfo.com//inline/content/image/561892.html?alt=1","Batsman","6"
"496","Jos Buttler","England","http://www.espncricinfo.com//inline/content/image/879519.html?alt=1","Wicketkeeper","9"
"672","Iain Wardlaw","England","http://www.espncricinfo.com//inline/content/image/694505.html?alt=1","Bowler","5"
"671","Craig Wallace","Scotland","http://www.espncricinfo.com//inline/content/image/694507.html?alt=1","Wicketkeeper","6"
"670","Robert Taylor","Scotland","http://www.espncricinfo.com//inline/content/image/694509.html?alt=1","Allrounder","5"
"669","Christopher Sole","Scotland","http://www.espncricinfo.com//inline/content/image/721891.html?alt=1","Bowler","5"
"668","Ruaidhri Smith","Scotland","http://www.espncricinfo.com//inline/content/image/1176649.html?alt=1","Bowler","5"
"667","Safyaan Sharif","Scotland","http://www.espncricinfo.com//inline/content/image/694511.html?alt=1","Bowler","6"
"666","Henry Munsey","Scotland","http://www.espncricinfo.com//inline/content/image/885489.html?alt=1","Batsman","6"
"665","Preston Mommsen","Scotland","http://www.espncricinfo.com//inline/content/image/833189.html?alt=1","Batsman","6"
"664","Gavin Main","Scotland","http://www.espncricinfo.com//inline/content/image/721885.html?alt=1","Bowler","5"
"663","Calum MacLeod","Scotland","http://www.espncricinfo.com//inline/content/image/694513.html?alt=1","Batsman","7"
"662","Matthew Machan","England","http://www.espncricinfo.com//inline/content/image/694517.html?alt=1","Batsman","6"
"661","Michael Leask","Scotland","http://www.espncricinfo.com//inline/content/image/694519.html?alt=1","Allrounder","5"
"660","Rana Khan","Scotland","http://www.espncricinfo.com//inline/content/image/694533.html?alt=1","Bowler","5"
"659","Hamish Gardiner","Scotland","http://www.espncricinfo.com//inline/content/image/833181.html?alt=1","Batsman","6"
"658","Alasdair Evans","Scotland","http://www.espncricinfo.com//inline/content/image/833187.html?alt=1","Bowler","6"
"657","Con Lange","Scotland","http://www.espncricinfo.com//inline/content/image/979061.html?alt=1","Allrounder","5"
"656","Joshua Davey","Scotland","http://www.espncricinfo.com//inline/content/image/833185.html?alt=1","Allrounder","5"
"655","Matthew Cross","Scotland","http://www.espncricinfo.com//inline/content/image/694525.html?alt=1","Wicketkeeper","6"
"654","Freddie Coleman","Scotland","http://www.espncricinfo.com//inline/content/image/833183.html?alt=1","Batsman","6"
"653","Kyle Coetzer","Scotland","http://www.espncricinfo.com//inline/content/image/694535.html?alt=1","Batsman","8"
"652","Dylan Budge","Scotland","http://www.espncricinfo.com//inline/content/image/1185000.html?alt=1","Allrounder","5"
"651","Richard Berrington","Scotland","http://www.espncricinfo.com//inline/content/image/694531.html?alt=1","Batsman","7"
"650","Yasir Shah","Pakistan","http://www.espncricinfo.com//inline/content/image/828093.html?alt=1","Bowler","6"
"649","Wahab Riaz","Pakistan","http://www.espncricinfo.com//inline/content/image/1099704.html?alt=1","Bowler","6"
"648","Usman Shinwari","Pakistan","http://www.espncricinfo.com//inline/content/image/698955.html?alt=1","Bowler","5"
"647","Umar Akmal","Pakistan","http://www.espncricinfo.com//inline/content/image/983035.html","Batsman","6"
"646","Shoaib Malik","Pakistan","http://www.espncricinfo.com//inline/content/image/1099697.html?alt=1","Batsman","7"
"645","Shan Masood","Pakistan","http://www.espncricinfo.com//inline/content/image/759267.html?alt=1","Batsman","6"
"644","Shaheen Afridi","Pakistan","http://www.espncricinfo.com//inline/content/image/1185537.html?alt=1","Bowler","8"
"643","Shadab Khan","Pakistan","http://www.espncricinfo.com//inline/content/image/1099691.html?alt=1","Allrounder","7"
"642","Sarfaraz Ahmed","Pakistan","http://www.espncricinfo.com//inline/content/image/1099689.html?alt=1","Wicketkeeper","7"
"641","Saad Ali","Pakistan","http://www.espncricinfo.com//inline/content/image/571325.html?alt=1","Batsman","6"
"640","Mohammad Rizwan","Pakistan","http://www.espncricinfo.com//inline/content/image/861599.html?alt=1","Batsman","6"
"639","Mohammad Hasnain","Pakistan","http://www.espncricinfo.com//inline/content/image/1185536.html?alt=1","Bowler","5"
"638","Mohammad Hafeez","Pakistan","http://www.espncricinfo.com//inline/content/image/1099686.html?alt=1","Allrounder","8"
"637","Mohammad Amir","Pakistan","http://www.espncricinfo.com//inline/content/image/1099683.html?alt=1","Bowler","8.5"
"636","Mohammad Abbas","Pakistan","http://www.espncricinfo.com//inline/content/image/1163779.html?alt=1","Bowler","5"
"635","Junaid Khan","Pakistan","http://www.espncricinfo.com//inline/content/image/1099681.html?alt=1","Bowler","6"
"634","Imam-ul-Haq","Pakistan","http://www.espncricinfo.com//inline/content/image/721287.html?alt=1","Batsman","9.5"
"633","Imad Wasim","Pakistan","http://www.espncricinfo.com//inline/content/image/1099677.html?alt=1","Allrounder","9.5"
"632","Hasan Ali","Pakistan","http://www.espncricinfo.com//inline/content/image/1099674.html?alt=1","Bowler","6"
"631","Haris Sohail","Pakistan","http://www.espncricinfo.com//inline/content/image/1099668.html?alt=1","Batsman","8"
"630","Fakhar Zaman","Pakistan","http://www.espncricinfo.com//inline/content/image/1099665.html?alt=1","Batsman","9"
"629","Faheem Ashraf","Pakistan","http://www.espncricinfo.com//inline/content/image/1099662.html?alt=1","Allrounder","5"
"628","Bilal Asif","Pakistan","http://www.espncricinfo.com//inline/content/image/949289.html?alt=1","Allrounder","5"
"627","Babar Azam","Pakistan","http://www.espncricinfo.com//inline/content/image/1099660.html?alt=1","Batsman","10.5"
"626","Azhar Ali","Pakistan","http://www.espncricinfo.com//inline/content/image/1099657.html?alt=1","Batsman","6"
"625","Asif Ali","Pakistan","http://www.espncricinfo.com//inline/content/image/565219.html?alt=1","Batsman","6"
"624","Asad Shafiq","Pakistan","http://www.espncricinfo.com//inline/content/image/818317.html?alt=1","Batsman","6"
"623","Abid Ali","Pakistan","http://www.espncricinfo.com//inline/content/image/1171797.html?alt=1","Batsman","6"
"622","George Worker","New Zealand","http://www.espncricinfo.com//inline/content/image/336361.html?alt=1","Allrounder","5"
"621","Kane Williamson","New Zealand","http://www.espncricinfo.com//inline/content/image/1099457.html?alt=1","Batsman","10"
"620","Bradley-John Watling","New Zealand","http://www.espncricinfo.com//inline/content/image/818247.html?alt=1","Wicketkeeper","6"
"619","Neil Wagner","New Zealand","http://www.espncricinfo.com//inline/content/image/635795.html?alt=1","Bowler","5"
"618","Ross Taylor","New Zealand","http://www.espncricinfo.com//inline/content/image/1099483.html?alt=1","Batsman","10.5"
"617","Tim Southee","New Zealand","http://www.espncricinfo.com//inline/content/image/1099482.html?alt=1","Bowler","6"
"616","William Somerville","New Zealand","http://www.espncricinfo.com//inline/content/image/909745.html?alt=1","Bowler","5"
"615","Ish Sodhi","New Zealand","http://www.espncricinfo.com//inline/content/image/988687.html","Bowler","6"
"614","Tim Seifert","New Zealand","http://www.espncricinfo.com//inline/content/image/720081.html?alt=1","Wicketkeeper","6"
"613","Mitchell Santner","New Zealand","http://www.espncricinfo.com//inline/content/image/1099481.html?alt=1","Allrounder","9"
"612","Jeet Raval","New Zealand","http://www.espncricinfo.com//inline/content/image/397349.html?alt=1","Batsman","6"
"611","Glenn Phillips","New Zealand","http://www.espncricinfo.com//inline/content/image/1082491.html?alt=1","Wicketkeeper","6"
"610","Henry Nicholls","New Zealand","http://www.espncricinfo.com//inline/content/image/986881.html","Batsman","7"
"609","Jimmy Neesham","New Zealand","http://www.espncricinfo.com//inline/content/image/1099477.html?alt=1","Allrounder","7"
"608","Colin Munro","New Zealand","http://www.espncricinfo.com//inline/content/image/818251.html?alt=1","Batsman","7"
"607","Daryl Mitchell","New Zealand","http://www.espncricinfo.com//inline/content/image/677467.html?alt=1","Allrounder","5"
"606","Tom Latham","New Zealand","http://www.espncricinfo.com//inline/content/image/1099471.html?alt=1","Wicketkeeper","8"
"605","Scott Kuggeleijn","New Zealand","http://www.espncricinfo.com//inline/content/image/677459.html?alt=1","Allrounder","5"
"604","Matt Henry","New Zealand","http://www.espncricinfo.com//inline/content/image/677457.html?alt=1","Bowler","9"
"603","Martin Guptill","New Zealand","http://www.espncricinfo.com//inline/content/image/1099469.html?alt=1","Batsman","9"
"602","Lachlan Ferguson","New Zealand","http://www.espncricinfo.com//inline/content/image/1070100.html?alt=1","Bowler","8.5"
"601","Colin Grandhomme","New Zealand","http://www.espncricinfo.com//inline/content/image/1099468.html?alt=1","Allrounder","8"
"600","Mark Chapman","New Zealand","http://www.espncricinfo.com//inline/content/image/727525.html?alt=1","Allrounder","5"
"599","Doug Bracewell","New Zealand","http://www.espncricinfo.com//inline/content/image/818257.html?alt=1","Bowler","6"
"598","Trent Boult","New Zealand","http://www.espncricinfo.com//inline/content/image/1099464.html?alt=21","Bowler","9.5"
"597","Todd Astle","New Zealand","http://www.espncricinfo.com//inline/content/image/586672.html?alt=1","Bowler","5"
"577","Mudassar Bukhari","Netherlands","http://www.espncricinfo.com//inline/content/image/726875.html?alt=1","Allrounder","5"
"578","Benjamin Cooper","Netherlands","http://www.espncricinfo.com//inline/content/image/689051.html?alt=1","Batsman","6"
"579","Tom Cooper","Australia","http://www.espncricinfo.com//inline/content/image/729807.html?alt=1","Batsman","6"
"580","Scott Edwards","Netherlands","http://www.espncricinfo.com//inline/content/image/1157591.html?alt=1","Wicketkeeper","6"
"581","Vivian Kingma","Netherlands","http://www.espncricinfo.com//inline/content/image/689057.html?alt=1","Bowler","5"
"582","Frederick Klaassen","Netherlands","http://www.espncricinfo.com//inline/content/image/1158288.html?alt=1","Bowler","5"
"583","Stephanus Myburgh","Netherlands","http://www.espncricinfo.com//inline/content/image/550011.html?alt=1","Batsman","6"
"584","Maxwell O'Dowd","Netherlands","http://www.espncricinfo.com//inline/content/image/897441.html?alt=1","Bowler","5"
"585","Michael Rippon","South Africa","http://www.espncricinfo.com//inline/content/image/689059.html?alt=1","Allrounder","5"
"586","Pieter Seelaar","Netherlands","http://www.espncricinfo.com//inline/content/image/501781.html?alt=1","Allrounder","5"
"587","Michael Swart","Australia","http://www.espncricinfo.com//inline/content/image/550012.html?alt=1","Batsman","6"
"588","Eric Szwarczynski","Netherlands","http://www.espncricinfo.com//inline/content/image/947609.html?alt=1","Batsman","6"
"589","Ryan Doeschate","Netherlands","http://www.espncricinfo.com//inline/content/image/501785.html?alt=1","Allrounder","5"
"590","Logan Beek","Netherlands","http://www.espncricinfo.com//inline/content/image/726873.html?alt=1","Bowler","5"
"591","Timm Gugten","Australia","http://www.espncricinfo.com//inline/content/image/550008.html?alt=1","Bowler","5"
"592","Roelof Merwe","Netherlands","http://www.espncricinfo.com//inline/content/image/897489.html?alt=1","Allrounder","5"
"593","Paul Meekeren","Netherlands","http://www.espncricinfo.com//inline/content/image/689061.html?alt=1","Bowler","5"
"594","Matthijs Schelven","Netherlands","http://www.espncricinfo.com//inline/content/image/897435.html?alt=1","Bowler","5"
"595","Tobias Visee","Netherlands","http://www.espncricinfo.com//inline/content/image/897449.html?alt=1","Batsman","6"
"596","Corey Anderson","New Zealand","http://www.espncricinfo.com//inline/content/image/1099461.html?alt=1","Allrounder","5"
"740","Chris Gayle","West Indies","http://www.espncricinfo.com//inline/content/image/990017.html","Allrounder","5"
"739","Shannon Gabriel","West Indies","http://www.espncricinfo.com//inline/content/image/563011.html?alt=1","Bowler","6"
"738","Shane Dowrich","West Indies","http://www.espncricinfo.com//inline/content/image/883991.html?alt=1","Wicketkeeper","6"
"737","Sheldon Cottrell","West Indies","http://www.espncricinfo.com//inline/content/image/966407.html","Bowler","7"
"735","Jonathan Carter","West Indies","http://www.espncricinfo.com//inline/content/image/966445.html","Allrounder","5"
"736","Roston Chase","West Indies","http://www.espncricinfo.com//inline/content/image/966447.html","Allrounder","5"
"734","John Campbell","West Indies","http://www.espncricinfo.com//inline/content/image/966405.html","Batsman","6"
"733","Darren Bravo","West Indies","http://www.espncricinfo.com//inline/content/image/818711.html?alt=1","Batsman","6"
"732","Kraigg Brathwaite","West Indies","http://www.espncricinfo.com//inline/content/image/515866.html?alt=1","Batsman","6"
"731","Carlos Brathwaite","West Indies","http://www.espncricinfo.com//inline/content/image/533525.html?alt=3","Allrounder","5"
"730","Devendra Bishoo","West Indies","http://www.espncricinfo.com//inline/content/image/822071.html?alt=1","Bowler","6"
"729","Sunil Ambris","West Indies","http://www.espncricinfo.com//inline/content/image/530817.html?alt=1","Batsman","6"
"728","Fabian Allen","West Indies","http://www.espncricinfo.com//inline/content/image/679761.html?alt=1","Bowler","5"
"727","Jeffrey Dexter Francis Vandersay","Sri Lanka","http://www.espncricinfo.com//inline/content/image/1185610.html?alt=1","Bowler","5"
"726","Isuru Udana","Sri Lanka","http://www.espncricinfo.com//inline/content/image/1082359.html?alt=1","Allrounder","5"
"725","Lahiru Thirimanne","Sri Lanka","http://www.espncricinfo.com//inline/content/image/989695.html","Batsman","7"
"724","Upul Tharanga","Sri Lanka","http://www.espncricinfo.com//inline/content/image/1099842.html?alt=1","Batsman","7"
"723","Tisse Appuhamilage Milinda Siriwardana","Sri Lanka","http://www.espncricinfo.com//inline/content/image/989681.html","Allrounder","5"
"722","Roshen Silva","Sri Lanka","http://www.espncricinfo.com//inline/content/image/1151974.html","Batsman","6"
"721","Paththamperuma Arachchige Don Lakshan Rangika Sandakan","Sri Lanka","http://www.espncricinfo.com//inline/content/image/1099828.html?alt=1","Bowler","5"
"720","Kasun Rajitha","Sri Lanka","http://www.espncricinfo.com//inline/content/image/955503.html","Bowler","5"
"719","Priyamal Perera","Sri Lanka","http://www.espncricinfo.com//inline/content/image/721309.html?alt=1","Batsman","6"
"718","Thisara Perera","Sri Lanka","http://www.espncricinfo.com//inline/content/image/1099840.html?alt=1","Allrounder","6"
"717","Kusal Perera","Sri Lanka","http://www.espncricinfo.com//inline/content/image/1099826.html?alt=1","Wicketkeeper","7"
"716","Dilruwan Perera","Sri Lanka","http://www.espncricinfo.com//inline/content/image/751951.html?alt=1","Allrounder","5"
"715","Angelo Kanishka Perera","Sri Lanka","http://www.espncricinfo.com//inline/content/image/661481.html?alt=1","Allrounder","5"
"714","Jeevan Mendis","Sri Lanka","http://www.espncricinfo.com//inline/content/image/818645.html?alt=1","Allrounder","5"
"713","Kusal Mendis","Sri Lanka","http://www.espncricinfo.com//inline/content/image/1099821.html?alt=1","Wicketkeeper","7"
"712","Angelo Mathews","Sri Lanka","http://www.espncricinfo.com//inline/content/image/1099817.html","Allrounder","8"
"711","Lasith Malinga","Sri Lanka","http://www.espncricinfo.com//inline/content/image/1099830.html?alt=1","Bowler","7"
"710","Suranga Lakmal","Sri Lanka","http://www.espncricinfo.com//inline/content/image/1099839.html?alt=1","Bowler","6"
"709","Dimuth Karunaratne","Sri Lanka","http://www.espncricinfo.com//inline/content/image/1153216.html","Batsman","6"
"708","Chamika Karunaratne","Sri Lanka","http://www.espncricinfo.com//inline/content/image/1173368.html?alt=1","Bowler","5"
"707","Avishka Fernando","Sri Lanka","http://www.espncricinfo.com//inline/content/image/1185608.html?alt=1","Batsman","7"
"706","Muthuthanthrige Vishwa Thilina Fernando","Sri Lanka","http://www.espncricinfo.com//inline/content/image/928643.html","Bowler","5"
"705","Bodiyabaduge Oshada Piyumal Fernando","Sri Lanka","http://www.espncricinfo.com//inline/content/image/1083458.html","Batsman","6"
"704","Nuwan Pradeep","Sri Lanka","http://www.espncricinfo.com//inline/content/image/1099837.html?alt=1","Bowler","6"
"703","Niroshan Dickwella","Sri Lanka","http://www.espncricinfo.com//inline/content/image/1099831.html?alt=1","Wicketkeeper","7"
"702","Dhananjaya de Silva","Sri Lanka","http://www.espncricinfo.com//inline/content/image/1015883.html","Allrounder","5"
"701","Akila Dananjaya","Sri Lanka","http://www.espncricinfo.com//inline/content/image/818669.html?alt=1","Allrounder","5"
"700","Dinesh Chandimal","Sri Lanka","http://www.espncricinfo.com//inline/content/image/1099820.html?alt=1","Wicketkeeper","7"
"699","Rassie van der Dussen","South Africa","http://www.espncricinfo.com//inline/content/image/1185197.html","Batsman","8"
"698","Dale Steyn","South Africa","http://www.espncricinfo.com//inline/content/image/1185195.html","Bowler","8"
"697","Tabraiz Shamsi","South Africa","http://www.espncricinfo.com//inline/content/image/1185196.html","Bowler","6"
"696","Kagiso Rabada","South Africa","http://www.espncricinfo.com//inline/content/image/1100164.html?alt=1","Bowler","9.5"
"695","Dwaine Pretorius","South Africa","http://www.espncricinfo.com//inline/content/image/1100160.html?alt=1","Bowler","7"
"694","Vernon Philander","South Africa","http://www.espncricinfo.com//inline/content/image/828575.html?alt=1","Allrounder","5"
"693","Andile Phehlukwayo","South Africa","http://www.espncricinfo.com//inline/content/image/1100159.html?alt=1","Bowler","7"
"692","Duanne Olivier","South Africa","http://www.espncricinfo.com//inline/content/image/1077351.html?alt=1","Bowler","5"
"691","Anrich Nortje","South Africa","http://www.espncricinfo.com//inline/content/image/1181316.html?alt=1","Bowler","5"
"690","Lungi Ngidi","South Africa","http://www.espncricinfo.com//inline/content/image/1185194.html","Bowler","7"
"689","Pieter Mulder","South Africa","http://www.espncricinfo.com//inline/content/image/1084546.html?alt=1","Allrounder","5"
"688","Chris Morris","South Africa","http://www.espncricinfo.com//inline/content/image/1100157.html?alt=1","Allrounder","6"
"687","David Miller","South Africa","http://www.espncricinfo.com//inline/content/image/1100153.html?alt=1","Batsman","8"
"686","Aiden Markram","South Africa","http://www.espncricinfo.com//inline/content/image/930783.html?alt=1","Batsman","7"
"685","Keshav Maharaj","South Africa","http://www.espncricinfo.com//inline/content/image/1100151.html?alt=1","Bowler","5"
"684","Imran Tahir","South Africa","http://www.espncricinfo.com//inline/content/image/1100149.html?alt=1","Bowler","9.5"
"683","Reeza Hendricks","South Africa","http://www.espncricinfo.com//inline/content/image/1086291.html?alt=1","Batsman","6"
"682","Beuran Hendricks","South Africa","http://www.espncricinfo.com//inline/content/image/1080505.html","Bowler","5"
"681","Dean Elgar","South Africa","http://www.espncricinfo.com//inline/content/image/965647.html?alt=1","Batsman","6"
"680","Francois du Plessis","South Africa","http://www.espncricinfo.com//inline/content/image/1100150.html?alt=1","Batsman","10.5"
"679","JP Duminy","South Africa","http://www.espncricinfo.com//inline/content/image/1100138.html?alt=1","Allrounder","5"
"678","Quinton de Kock","South Africa","http://www.espncricinfo.com//inline/content/image/1100136.html?alt=1","Wicketkeeper","10"
"677","Temba Bavuma","South Africa","http://www.espncricinfo.com//inline/content/image/965621.html?alt=1","Batsman","6"
"676","Hashim Amla","South Africa","http://www.espncricinfo.com//inline/content/image/1100134.html?alt=1","Batsman","9"
"675","Stuart Whittingham","Scotland","http://www.espncricinfo.com//inline/content/image/1004743.html?alt=1","Bowler","5"
"674","Bradley Wheal","Scotland","http://www.espncricinfo.com//inline/content/image/1077450.html?alt=1","Bowler","6"
"673","Mark Watt","Scotland","http://www.espncricinfo.com//inline/content/image/721897.html?alt=1","Bowler","6"
"741","Shimron Hetmyer","West Indies","http://www.espncricinfo.com//inline/content/image/821125.html?alt=1","Batsman","9"
"742","Jason Holder","West Indies","http://www.espncricinfo.com//inline/content/image/883997.html?alt=1","Allrounder","9"
"743","Shai Hope","West Indies","http://www.espncricinfo.com//inline/content/image/883993.html?alt=1","Wicketkeeper","9.5"
"744","Alzarri Joseph","West Indies","http://www.espncricinfo.com//inline/content/image/822049.html?alt=1","Bowler","5"
"745","Evin Lewis","West Indies","http://www.espncricinfo.com//inline/content/image/966389.html","Batsman","7"
"746","Ashley Nurse","West Indies","http://www.espncricinfo.com//inline/content/image/990337.html","Bowler","6"
"747","Keemo Paul","West Indies","http://www.espncricinfo.com//inline/content/image/822039.html?alt=1","Allrounder","5"
"748","Nicholas Pooran","West Indies","http://www.espncricinfo.com//inline/content/image/679735.html?alt=1","Wicketkeeper","7"
"749","Rovman Powell","West Indies","http://www.espncricinfo.com//inline/content/image/1030741.html?alt=1","Batsman","6"
"750","Raymon Reifer","West Indies","http://www.espncricinfo.com//inline/content/image/822061.html?alt=1","Allrounder","5"
"751","Kemar Roach","West Indies","http://www.espncricinfo.com//inline/content/image/818703.html?alt=1","Bowler","6"
"752","Andre Russell","West Indies","http://www.espncricinfo.com//inline/content/image/990003.html","Allrounder","5"
"753","Marlon Samuels","West Indies","http://www.espncricinfo.com//inline/content/image/513161.html?alt=1","Batsman","7"
"754","Oshane Thomas","West Indies","http://www.espncricinfo.com//inline/content/image/1030739.html?alt=1","Bowler","6"
"755","Ryan Burl","Zimbabwe","http://www.espncricinfo.com//inline/content/image/721659.html?alt=1","Batsman","6"
"756","Regis Chakabva","Zimbabwe","http://www.espncricinfo.com//inline/content/image/501714.html?alt=1","Wicketkeeper","6"
"757","Brian Chari","Zimbabwe","http://www.espncricinfo.com//inline/content/image/495170.html?alt=1","Batsman","6"
"758","Tendai Chatara","Zimbabwe","http://www.espncricinfo.com//inline/content/image/818763.html?alt=1","Bowler","6"
"759","Chamunorwa Chibhabha","Zimbabwe","http://www.espncricinfo.com//inline/content/image/978299.html?alt=1","Batsman","6"
"760","Elton Chigumbura","Zimbabwe","http://www.espncricinfo.com//inline/content/image/818727.html?alt=1","Allrounder","5"
"761","Tendai Chisoro","Zimbabwe","http://www.espncricinfo.com//inline/content/image/978363.html?alt=1","Bowler","5"
"762","Craig Ervine","Zimbabwe","http://www.espncricinfo.com//inline/content/image/818739.html?alt=1","Batsman","7"
"763","Kyle Jarvis","Zimbabwe","http://www.espncricinfo.com//inline/content/image/818761.html?alt=1","Bowler","6"
"764","Tinashe Kamunhukamwe","Zimbabwe","http://www.espncricinfo.com//inline/content/image/721641.html?alt=1","Batsman","6"
"765","Timycen Maruma","Zimbabwe","http://www.espncricinfo.com//inline/content/image/818759.html?alt=1","Batsman","6"
"766","Hamilton Masakadza","Zimbabwe","http://www.espncricinfo.com//inline/content/image/818713.html?alt=1","Batsman","7"
"767","Wellington Masakadza","Zimbabwe","http://www.espncricinfo.com//inline/content/image/576039.html","Bowler","5"
"768","Solomon Mire","Zimbabwe","http://www.espncricinfo.com//inline/content/image/828123.html?alt=1","Batsman","6"
"769","Peter Moor","Zimbabwe","http://www.espncricinfo.com//inline/content/image/978297.html?alt=1","Batsman","6"
"770","Christopher Mpofu","Zimbabwe","http://www.espncricinfo.com//inline/content/image/818747.html?alt=1","Bowler","5"
"771","Sikandar Raza","Zimbabwe","http://www.espncricinfo.com//inline/content/image/727109.html?alt=1","Allrounder","8"
"772","Brendan Taylor","Zimbabwe","http://www.espncricinfo.com//inline/content/image/818729.html?alt=1","Wicketkeeper","7"
"773","Donald Tiripano","Zimbabwe","http://www.espncricinfo.com//inline/content/image/978273.html?alt=1","Bowler","5"
"774","Malcolm Waller","Zimbabwe","http://www.espncricinfo.com//inline/content/image/978335.html?alt=1","Batsman","6"
"775","Sean Williams","Zimbabwe","http://www.espncricinfo.com//inline/content/image/978295.html?alt=1","Batsman","7"
"776","Cephas Zhuwao","Zimbabwe","http://www.espncricinfo.com//inline/content/image/369513.html?alt=1","Batsman","6"
