Netherlands,Rahil Ahmed,Wicketkeeper batsman,http://www.espncricinfo.com//inline/content/image/897443.html?alt=1
Netherlands,Malik Jamil,Bowler,http://www.espncricinfo.com//inline/content/image/550013.html?alt=1
Netherlands,Wesley Barresi,Wicketkeeper batsman,http://www.espncricinfo.com//inline/content/image/726879.html?alt=1
Netherlands,Peter Borren,Allrounder,http://www.espncricinfo.com//inline/content/image/726877.html?alt=1
Netherlands,Mudassar Bukhari,Allrounder,http://www.espncricinfo.com//inline/content/image/726875.html?alt=1
Netherlands,Benjamin Cooper,Middle-order batsman,http://www.espncricinfo.com//inline/content/image/689051.html?alt=1
Australia,Tom Cooper,Middle-order batsman,http://www.espncricinfo.com//inline/content/image/729807.html?alt=1
Netherlands,Scott Edwards,Wicketkeeper,http://www.espncricinfo.com//inline/content/image/1157591.html?alt=1
Netherlands,Vivian Kingma,Bowler,http://www.espncricinfo.com//inline/content/image/689057.html?alt=1
Netherlands,Frederick Klaassen,Bowler,http://www.espncricinfo.com//inline/content/image/1158288.html?alt=1
Netherlands,Stephanus Myburgh,Opening batsman,http://www.espncricinfo.com//inline/content/image/550011.html?alt=1
Netherlands,Maxwell O'Dowd,Bowler,http://www.espncricinfo.com//inline/content/image/897441.html?alt=1
South Africa,Michael Rippon,Allrounder,http://www.espncricinfo.com//inline/content/image/689059.html?alt=1
Netherlands,Pieter Seelaar,Allrounder,http://www.espncricinfo.com//inline/content/image/501781.html?alt=1
Australia,Michael Swart,Middle-order batsman,http://www.espncricinfo.com//inline/content/image/550012.html?alt=1
Netherlands,Eric Szwarczynski,Batsman,http://www.espncricinfo.com//inline/content/image/947609.html?alt=1
Netherlands,Ryan Doeschate,Allrounder,http://www.espncricinfo.com//inline/content/image/501785.html?alt=1
Netherlands,Logan Beek,Bowler,http://www.espncricinfo.com//inline/content/image/726873.html?alt=1
Australia,Timm Gugten,Bowler,http://www.espncricinfo.com//inline/content/image/550008.html?alt=1
Netherlands,Roelof Merwe,Allrounder,http://www.espncricinfo.com//inline/content/image/897489.html?alt=1
Netherlands,Paul Meekeren,Bowler,http://www.espncricinfo.com//inline/content/image/689061.html?alt=1
Netherlands,Matthijs Schelven,Bowler,http://www.espncricinfo.com//inline/content/image/897435.html?alt=1
Netherlands,Tobias Visee,Batsman,http://www.espncricinfo.com//inline/content/image/897449.html?alt=1
