Scotland,Richard Berrington,Top-order batsman,http://www.espncricinfo.com//inline/content/image/694531.html?alt=1

Scotland,Dylan Budge,Allrounder,http://www.espncricinfo.com//inline/content/image/1185000.html?alt=1

Scotland,Kyle Coetzer,Top-order batsman,http://www.espncricinfo.com//inline/content/image/694535.html?alt=1

Scotland,Freddie Coleman,Opening batsman,http://www.espncricinfo.com//inline/content/image/833183.html?alt=1

Scotland,Matthew Cross,Wicketkeeper batsman,http://www.espncricinfo.com//inline/content/image/694525.html?alt=1

Scotland,Joshua Davey,Allrounder,http://www.espncricinfo.com//inline/content/image/833185.html?alt=1

Scotland,Con Lange,Bowling allrounder,http://www.espncricinfo.com//inline/content/image/979061.html?alt=1

Scotland,Alasdair Evans,Bowler,http://www.espncricinfo.com//inline/content/image/833187.html?alt=1

Scotland,Hamish Gardiner,Opening batsman,http://www.espncricinfo.com//inline/content/image/833181.html?alt=1

Scotland,Rana Khan,Bowler,http://www.espncricinfo.com//inline/content/image/694533.html?alt=1

Scotland,Michael Leask,Allrounder,http://www.espncricinfo.com//inline/content/image/694519.html?alt=1

England,Matthew Machan,Top-order batsman,http://www.espncricinfo.com//inline/content/image/694517.html?alt=1

Scotland,Calum MacLeod,Top-order batsman,http://www.espncricinfo.com//inline/content/image/694513.html?alt=1

Scotland,Gavin Main,Bowler,http://www.espncricinfo.com//inline/content/image/721885.html?alt=1

Scotland,Preston Mommsen,Opening batsman,http://www.espncricinfo.com//inline/content/image/833189.html?alt=1

Scotland,Henry Munsey,Opening batsman,http://www.espncricinfo.com//inline/content/image/885489.html?alt=1

Scotland,Safyaan Sharif,Bowler,http://www.espncricinfo.com//inline/content/image/694511.html?alt=1

Scotland,Ruaidhri Smith,Bowler,http://www.espncricinfo.com//inline/content/image/1176649.html?alt=1

Scotland,Christopher Sole,Bowler,http://www.espncricinfo.com//inline/content/image/721891.html?alt=1

Scotland,Robert Taylor,Allrounder,http://www.espncricinfo.com//inline/content/image/694509.html?alt=1

Scotland,Craig Wallace,Wicketkeeper batsman,http://www.espncricinfo.com//inline/content/image/694507.html?alt=1

England,Iain Wardlaw,Bowler,http://www.espncricinfo.com//inline/content/image/694505.html?alt=1

Scotland,Mark Watt,Bowler,http://www.espncricinfo.com//inline/content/image/721897.html?alt=1

Scotland,Bradley Wheal,Bowler,http://www.espncricinfo.com//inline/content/image/1077450.html?alt=1

Scotland,Stuart Whittingham,Bowler,http://www.espncricinfo.com//inline/content/image/1004743.html?alt=1

